{
  "profiles": [
    {
      "name": "Default Profile",
      "description": "Standard operational profile with basic security measures.",
      "browser_protection": "basic",
      "network_protection": "basic",
      "identity_protection": "basic",
      "settings": {
        "browser": {
          "user_agent_randomization": true,
          "webrtc_protection": true,
          "canvas_fingerprint_protection": false,
          "audio_fingerprint_protection": false,
          "hardware_fingerprint_protection": false
        },
        "network": {
          "vpn_enabled": true,
          "proxy_enabled": false,
          "dns_protection": true,
          "traffic_obfuscation": false,
          "bandwidth_management": false
        },
        "identity": {
          "disable_browser_history": true,
          "clear_cookies_on_exit": true,
          "advanced_tracking_protection": false,
          "isolated_sessions": false,
          "location_masking": false
        }
      }
    },
    {
      "name": "Anonymous Profile",
      "description": "High-security profile designed for anonymous operations.",
      "browser_protection": "standard",
      "network_protection": "standard",
      "identity_protection": "standard",
      "settings": {
        "browser": {
          "user_agent_randomization": true,
          "webrtc_protection": true,
          "canvas_fingerprint_protection": true,
          "audio_fingerprint_protection": false,
          "hardware_fingerprint_protection": false
        },
        "network": {
          "vpn_enabled": true,
          "proxy_enabled": true,
          "dns_protection": true,
          "traffic_obfuscation": false,
          "bandwidth_management": false
        },
        "identity": {
          "disable_browser_history": true,
          "clear_cookies_on_exit": true,
          "advanced_tracking_protection": true,
          "isolated_sessions": false,
          "location_masking": false
        }
      }
    },
    {
      "name": "Field Operations",
      "description": "Specialized profile for mobile/field operations with reduced footprint.",
      "browser_protection": "maximum",
      "network_protection": "maximum",
      "identity_protection": "maximum",
      "settings": {
        "browser": {
          "user_agent_randomization": true,
          "webrtc_protection": true,
          "canvas_fingerprint_protection": true,
          "audio_fingerprint_protection": true,
          "hardware_fingerprint_protection": true
        },
        "network": {
          "vpn_enabled": true,
          "proxy_enabled": true,
          "dns_protection": true,
          "traffic_obfuscation": true,
          "bandwidth_management": true
        },
        "identity": {
          "disable_browser_history": true,
          "clear_cookies_on_exit": true,
          "advanced_tracking_protection": true,
          "isolated_sessions": true,
          "location_masking": true
        }
      }
    }
  ],
  "active_profile": "Default Profile"
}